date	type	path
2017-09-09	Solo Piano	concerts/2017/krasner
2017-10-14	Voice and Piano	concerts/2017/ekery-boudreau
2017-11-11	Solo Piano	concerts/2017/jeong
2017-12-09	Solo Piano	concerts/2017/lee
2018-01-13	Solo Piano	concerts/2018/yao
2018-02-10	Solo Piano	concerts/2018/simsive
2018-03-10	Solo Piano	concerts/2018/wu
2018-04-14	Voice and Piano	concerts/2018/ekery-boudreau
2018-05-12	Solo Piano	concerts/2018/giesbrecht
2018-06-15	Solo Piano	concerts/2018/goodpasture
2018-09-08	Piano Four-Hands	concerts/2018/yao-chaplikov
2018-10-19	Voice and Piano	concerts/2018/curtis-opera
2018-11-10	Solo Piano	concerts/2018/strata
2018-12-01	Solo Piano	concerts/2018/tetzloff
2018-12-22	Violin and Piano	concerts/2018/orth-duo
2019-01-12	Solo Piano	concerts/2019/huang
2019-02-09	Violin and Piano	concerts/2019/wang-xi
2019-03-02	Piano Four-Hands	concerts/2019/giesbrecht-korting
2019-04-20	Solo Piano	concerts/2019/poon
2019-05-11	Violin and Piano	concerts/2019/tekalli-duo
2019-06-07	Violin and Viola	concerts/2019/orsen-garbot
2019-10-12	Violin and Piano	concerts/2019/horowitz-wu
2019-11-09	Solo Piano	concerts/2019/tang
2020-01-04	Solo Piano	concerts/2020/lu
2020-01-25	Solo Piano	concerts/2020/orth
2020-02-15	Violin and Piano	concerts/2020/szokolay-simsive
2020-03-14	Solo Piano	concerts/2020/tetzloff
2020-09-12	Piano Trio	concerts/2020/aya-trio
2020-10-03	Solo Piano	concerts/2020/gusev
2021-04-03	Solo Piano	concerts/2021/mak
2021-04-17	Solo Piano	concerts/2021/li
2021-05-01	Solo Piano	concerts/2021/bartosik
2021-05-08	Oboe and Piano	concerts/2021/honn-mak
2021-05-15	Solo Piano	concerts/2021/gabrielian
2021-05-29	Violin and Piano	concerts/2021/kasdan-amper
2021-06-19	Solo Piano	concerts/2021/qian
2021-06-26	Violin and Piano	concerts/2021/lewis-ozel
2021-09-04	String Quartet	concerts/2021/barlourdet-quartet
2021-09-11	Cello and Piano	concerts/2021/park-vardenega
2021-09-25	Violin and Piano	concerts/2021/meinrenken-kim
2021-10-09	Solo Piano	concerts/2021/gusev
2021-10-16	Solo Piano	concerts/2021/bartosik2
2021-10-30	Violin and Piano	concerts/2021/szokolay-lu
2021-11-06	Solo Piano	concerts/2021/yao
2021-11-13	Violin and Piano	concerts/2021/leunis-lu
2021-12-04	Piano Trio	concerts/2021/yaleâ€”trio
2021-12-11	Cello and Piano	concerts/2021/katz-myer
2022-01-08	Violin and Cello	concerts/2022/lewis-martins
2022-01-22	Solo Piano	concerts/2022/mak
2022-02-12	Solo Piano	concerts/2022/ozel
2022-03-05	String Quartet	concerts/2022/callisto-quartet
2022-03-19	Violin and Piano	concerts/2022/kanagawa-simsive
2022-04-04	Solo Guitar	concerts/2022/tran
2022-04-09	Piano Trio	concerts/2022/trio-gaia
2022-05-14	Cello and Piano	concerts/2022/decaprio-park
2022-05-28	Piano Trio	concerts/2022/merz-trio
2022-06-04	Solo Piano	concerts/2022/amper
2022-06-25	Solo Violin	concerts/2022/kim
2022-06-26	Solo Piano	concerts/2022/gagliano
2022-08-13	Solo Piano	concerts/2022/tang
2022-08-20	Violin and Piano	concerts/2022/zyzak-gorini
2022-08-27	Violin and Piano	concerts/2022/meinrenken-weaver
2022-09-10	String Quartet	concerts/2022/barlourdet-quartet
2022-10-08	Solo Piano	concerts/2022/wang
2022-10-22	Violin and Piano	concerts/2022/park-sasaki
2022-11-05	Voice and Piano	concerts/2022/robertson-lorusso
2022-11-19	Violin and Piano	concerts/2022/szokolay-chen